,Locus,Pubmed_number
0,3GPQ_E,19386706
1,3GPQ_F,19386706
4,6JIM_C,31000599
5,6JIM_D,31000599
6,7Y38_Z,36449616
7,AB455493,19861623
8,AB455494,19861623
9,AB678677,22274167
10,AB678678,22274167
11,AB678679,22274167
12,AB678680,22274167
13,AB678681,22274167
14,AB678682,22274167
15,AB678683,22274167
16,AB678684,22274167
17,AB678685,22274167
18,AB678686,22274167
19,AB678687,22274167
20,AB678688,22274167
21,AB678689,22274167
22,AB678690,22274167
23,AB678691,22274167
24,AB678692,22274167
25,AB678693,22274167
26,AB678694,22274167
27,AB678695,22274167
28,AB857730,25113745
29,AB857731,25113745
30,AB857732,25113745
31,AB857733,25113745
32,AB857734,25113745
33,AB857735,25113745
34,AB857736,25113745
35,AB857737,25113745
36,AB857738,25113745
37,AB857739,25113745
38,AB857740,25113745
39,AB857741,25113745
40,AB857742,25113745
41,AB857743,25113745
42,AB857744,25113745
43,AB857745,25113745
44,AB857746,25113745
45,AB857747,25113745
46,AB857748,25113745
47,AB857749,25113745
48,AB857750,25113745
49,AB857751,25113745
50,AB857752,25113745
51,AB857753,25113745
52,AB857754,25113745
53,AB857755,25113745
54,AB857756,25113745
55,AB857757,25113745
56,AB857758,25113745
57,AB857759,25113745
58,AB857760,25113745
59,AB857761,25113745
60,AB857762,25113745
61,AB857763,25113745
62,AB857764,25113745
63,AB857765,25113745
64,AB857766,25113745
65,AB857767,25113745
66,AB857768,25113745
67,AB857769,25113745
68,AB857770,25113745
69,AB857771,25113745
70,AB857772,25113745
71,AB857773,25113745
72,AB857774,25113745
73,AB857775,25113745
74,AB857776,25113745
75,AB857777,25113745
76,AB857778,25113745
77,AB857779,25113745
78,AB857780,25113745
79,AB857781,25113745
80,AB857782,25113745
81,AB857783,25113745
82,AB857784,25113745
83,AB857785,25113745
84,AB857786,25113745
85,AB857787,25113745
86,AB857788,25113745
87,AB857789,25113745
88,AB857790,25113745
89,AB857791,25113745
90,AB857792,25113745
91,AB857793,25113745
92,AB857794,25113745
93,AB857795,25113745
94,AB857796,25113745
95,AB857797,25113745
96,AB857798,25113745
97,AB857799,25113745
98,AB857800,25113745
99,AB857801,25113745
100,AB857802,25113745
101,AB857803,25113745
102,AB857804,25113745
103,AB857805,25113745
104,AB857806,25113745
105,AB857807,25113745
106,AB857808,25113745
107,AB857809,25113745
108,AB857810,25113745
109,AB857811,25113745
110,AB857812,25113745
111,AB857813,25113745
112,AB857814,25113745
113,AB857815,25113745
114,AB857816,25113745
115,AB857817,25113745
116,AB857818,25113745
117,AB857819,25113745
118,AB857820,25113745
119,AB857821,25113745
120,AB857822,25113745
121,AB857823,25113745
122,AB857824,25113745
123,AB857825,25113745
124,AB857826,25113745
125,AB857827,25113745
126,AB857828,25113745
127,AB857829,25113745
128,AB857830,25113745
129,AB857831,25113745
130,AB857832,25113745
131,AB857833,25113745
132,AB857834,25113745
133,AB857835,25113745
134,AB857836,25113745
135,AB857837,25113745
136,AB857838,25113745
137,AB857839,25113745
138,AB857840,25113745
139,AB857841,25113745
140,AB860301,24970822
141,AB908053,24650864
142,AB908054,24650864
143,AF023283,9448694
144,AF192891,10644846
145,AF192892,10644846
146,AF192893,10644846
147,AF192894,10644846
148,AF192895,10644846
149,AF192896,10644846
150,AF192897,10644846
151,AF192898,10644846
152,AF192899,10644846
153,AF192900,10644846
154,AF192901,10644846
155,AF192902,10644846
156,AF192903,10644846
157,AF192904,10644846
158,AF192905,10644846
159,AF192906,10644846
160,AF192907,10644846
161,AF192908,10644846
163,AF345888,11377722
164,AF369024,12466484
171,AM258990,16700631
172,AM258991,16700631
173,AM258992,16700631
174,AM258993,16700631
175,AM258994,16700631
176,AM258995,16700631
187,AM397005,17370532
188,AM397006,17370532
189,AM397007,17370532
190,AM397008,17370532
191,AM397009,17370532
192,AY253729,14524480
193,AY253730,14524480
194,AY253731,14524480
195,AY253732,14524480
196,AY253733,14524480
197,AY253734,14524480
198,AY253735,14524480
199,AY253736,14524480
200,AY253737,14524480
201,AY253738,14524480
202,AY253739,14524480
203,AY253740,14524480
204,AY253741,14524480
205,AY253742,14524480
206,AY253743,14524480
208,AY549575,15332277
209,AY549576,15332277
210,AY549577,15332277
211,AY549578,15332277
212,AY549579,15332277
213,AY549580,15332277
213,AY549580,15664052
214,AY549581,15332277
215,AY549582,15332277
215,AY549582,15664052
216,AY549583,15332277
217,AY549584,15332277
217,AY549584,15664052
218,AY726732,15891138
221,BK038699,34083435
247,DQ443544,17176562
248,DQ451149,17176562
249,DQ451150,17176562
250,DQ451151,17176562
251,DQ462746,17176585
252,DQ462747,17176585
253,DQ462748,17176585
254,DQ462749,17176585
255,DQ462750,17176585
266,DQ520734,17176577
267,DQ520735,17176577
268,DQ520736,17176577
269,DQ520737,17176577
270,DQ520738,17176577
271,DQ520739,17176577
272,DQ520740,17176577
273,DQ520741,17176577
274,DQ520742,17176577
275,DQ520743,17176577
276,DQ520744,17176577
277,DQ520745,17176577
278,DQ520746,17176577
279,DQ520747,17176577
280,DQ520748,17176577
281,DQ520749,17176577
282,DQ520750,17176577
283,DQ520751,17176577
284,DQ520752,17176577
285,DQ520753,17176577
286,DQ520754,17176577
326,DQ678928,17552118
327,DQ888620,18219080
329,EF012359,17627877
330,EF027134,17554030
331,EF027135,17554030
332,EF027136,17554030
333,EF027137,17554030
334,EF027138,17554030
335,EF027139,17554030
336,EF027140,17554030
337,EF027141,17554030
338,EF051584,17553262
358,EF187882,18171110
359,EF187883,18171110
360,EF187884,18171110
361,EF187885,18171110
363,EF187887,18171110
364,EF187888,18171110
383,EF193853,17627877
384,EF193854,17627877
385,EF193855,17627877
386,EF193856,17627877
387,EF193857,17627877
388,EF193858,17627877
389,EF193859,17627877
390,EF210157,18384900
392,EF451142,17553261
393,EF451143,17553261
394,EF451144,17553261
395,EF451145,17553261
396,EF451146,17553261
397,EF451147,17553261
398,EF451148,17553261
399,EF451149,17553261
409,EF533650,17627877
416,EF539265,19624923
417,EF555196,18632966
418,EF555197,18632966
419,EF555198,18632966
420,EF555199,18632966
421,EF555200,18632966
423,EF613342,18205212
424,EF613343,18205212
425,EF613344,18205212
443,EU037962,18351388
444,EU119154,18814485
445,EU119155,18814485
446,EU131893,18814485
447,EU148606,19168965
448,EU148607,19168965
449,EU148608,19168965
450,EU170523,18632966
451,EU170524,18632966
452,EU170525,18632966
453,EU170526,18632966
454,EU170527,18632966
455,EU188923,17380093
456,EU188924,17380093
457,EU190879,17380093
458,EU190880,17380093
459,EU190881,17380093
460,EU190882,17380093
461,EU190883,17380093
462,EU190884,17380093
463,EU192142,18680674
464,EU192143,18680674
465,EU224268,17187566
466,EU224269,17187566
469,EU244646,19174303
471,EU272129,17380093
472,EU272130,17380093
473,EU272131,17380093
478,EU287994,18632966
479,EU287995,18632966
480,EU287996,18632966
481,EU287997,18632966
482,EU287998,18632966
483,EU287999,18632966
484,EU288000,18632966
485,EU288001,18632966
486,EU288002,18632966
487,EU288003,18632966
495,EU403052,19259263
497,EU441882,19402989
498,EU441883,19402989
505,EU727159,19624923
506,EU727160,19624923
507,EU727161,19624923
508,EU727162,19624923
509,EU727163,19624923
510,EU727245,22782121
511,EU727246,22782121
512,EU727247,22782121
513,EU727248,22782121
514,EU727249,22782121
515,EU856107,19193287
516,EU856108,19193287
517,EU856109,19193287
518,EU856110,19193287
519,EU856111,19193287
520,EU856112,19193287
523,FJ000062,18940268
524,FJ000063,18940268
525,FJ000064,18940268
526,FJ000065,18940268
527,FJ000066,18940268
528,FJ000067,18940268
529,FJ000068,18940268
530,FJ000069,18940268
631,FJ445424,19751586
631,FJ445424,19955565
632,FJ445425,19751586
632,FJ445425,19955565
633,FJ445426,19751586
633,FJ445426,19955565
634,FJ445427,19751586
634,FJ445427,19955565
635,FJ445428,19751586
635,FJ445428,19955565
636,FJ445429,19751586
636,FJ445429,19955565
637,FJ445430,19751586
637,FJ445430,19955565
638,FJ445431,19751586
638,FJ445431,19955565
639,FJ445432,19751586
639,FJ445432,19955565
640,FJ445433,19751586
640,FJ445433,19955565
641,FJ445434,19751586
641,FJ445434,19955565
642,FJ445435,19751586
642,FJ445435,19955565
643,FJ445436,19751586
643,FJ445436,19955565
644,FJ445437,19751586
644,FJ445437,19955565
645,FJ445438,19751586
645,FJ445438,19955565
646,FJ445439,19751586
646,FJ445439,19955565
647,FJ445440,19751586
647,FJ445440,19955565
648,FJ445441,19751586
648,FJ445441,19955565
649,FJ445442,19751586
649,FJ445442,19955565
650,FJ445443,19751586
650,FJ445443,19955565
651,FJ445444,19751586
651,FJ445444,19955565
652,FJ445445,19751586
652,FJ445445,19955565
653,FJ445446,19751586
653,FJ445446,19955565
654,FJ445447,19751586
654,FJ445447,19955565
655,FJ445448,19751586
655,FJ445448,19955565
656,FJ445449,19751586
656,FJ445449,19955565
657,FJ445450,19751586
657,FJ445450,19955565
658,FJ445451,19751586
658,FJ445451,19955565
659,FJ445452,19751586
659,FJ445452,19955565
660,FJ445453,19751586
660,FJ445453,19955565
661,FJ445454,19751586
661,FJ445454,19955565
662,FJ445455,19751586
662,FJ445455,19955565
663,FJ445456,19751586
663,FJ445456,19955565
664,FJ445457,19751586
664,FJ445457,19955565
665,FJ445458,19751586
665,FJ445458,19955565
666,FJ445459,19751586
666,FJ445459,19955565
667,FJ445460,19751586
667,FJ445460,19955565
668,FJ445461,19751586
668,FJ445461,19955565
669,FJ445462,19751586
669,FJ445462,19955565
670,FJ445463,19751586
670,FJ445463,19955565
671,FJ445464,19751586
671,FJ445464,19955565
672,FJ445465,19751586
672,FJ445465,19955565
673,FJ445466,19751586
673,FJ445466,19955565
674,FJ445467,19751586
674,FJ445467,19955565
675,FJ445468,19751586
675,FJ445468,19955565
676,FJ445469,19751586
676,FJ445469,19955565
677,FJ445470,19751586
677,FJ445470,19955565
678,FJ445471,19751586
678,FJ445471,19955565
679,FJ445472,19751586
679,FJ445472,19955565
680,FJ445473,19751586
680,FJ445473,19955565
681,FJ445474,19751586
681,FJ445474,19955565
682,FJ445475,19751586
682,FJ445475,19955565
683,FJ445476,19751586
683,FJ445476,19955565
684,FJ445477,19751586
684,FJ445477,19955565
685,FJ445478,19751586
685,FJ445478,19955565
686,FJ445479,19751586
686,FJ445479,19955565
687,FJ445480,19751586
687,FJ445480,19955565
688,FJ445481,19751586
688,FJ445481,19955565
689,FJ445482,19751586
689,FJ445482,19955565
690,FJ445483,19751586
690,FJ445483,19955565
691,FJ445484,19751586
691,FJ445484,19955565
692,FJ445485,19751586
692,FJ445485,19955565
693,FJ445486,19751586
693,FJ445486,19955565
694,FJ445487,19751586
694,FJ445487,19955565
695,FJ445488,19751586
695,FJ445488,19955565
696,FJ445489,19751586
696,FJ445489,19955565
697,FJ445490,19751586
697,FJ445490,19955565
698,FJ445491,19751586
698,FJ445491,19955565
699,FJ445492,19751586
699,FJ445492,19955565
700,FJ445493,19751586
700,FJ445493,19955565
701,FJ445494,19751586
701,FJ445494,19955565
702,FJ445495,19751586
702,FJ445495,19955565
703,FJ445496,19751586
703,FJ445496,19955565
704,FJ445497,19751586
704,FJ445497,19955565
705,FJ445498,19751586
705,FJ445498,19955565
706,FJ445499,19751586
706,FJ445499,19955565
707,FJ445500,19751586
707,FJ445500,19955565
708,FJ445501,19751586
708,FJ445501,19955565
709,FJ445502,19751586
709,FJ445502,19955565
710,FJ445503,19751586
710,FJ445503,19955565
711,FJ445504,19751586
711,FJ445504,19955565
712,FJ445505,19751586
712,FJ445505,19955565
713,FJ445506,19751586
713,FJ445506,19955565
714,FJ445507,19751586
714,FJ445507,19955565
715,FJ445508,19751586
715,FJ445508,19955565
716,FJ445509,19751586
716,FJ445509,19955565
717,FJ445510,19751586
717,FJ445510,19955565
718,FJ445511,19751586
718,FJ445511,19955565
724,FJ457921,20519386
725,FJ513628,19955565
726,FJ513629,19955565
727,FJ513630,19955565
728,FJ513631,19955565
729,FJ513632,19955565
730,FJ513633,19955565
731,FJ513634,19955565
732,FJ513635,19955565
733,FJ513636,19955565
734,FJ513637,19955565
735,FJ513638,19955565
736,FJ513639,19955565
737,FJ513640,19955565
738,FJ513641,19955565
739,FJ513642,19955565
740,FJ513643,19955565
741,FJ513644,19955565
742,FJ513645,19955565
743,FJ513646,19955565
744,FJ513647,19955565
745,FJ513648,19955565
746,FJ513649,19955565
747,FJ513650,19955565
748,FJ513651,19955565
749,FJ513652,19955565
750,FJ513653,19955565
751,FJ513654,19955565
752,FJ513655,19955565
753,FJ513656,19955565
754,FJ513657,19955565
755,FJ513658,19955565
756,FJ513659,19955565
757,FJ513660,19955565
758,FJ513661,19955565
759,FJ513662,19955565
760,FJ513663,19955565
761,FJ513664,19955565
762,FJ513665,19955565
763,FJ513666,19955565
764,FJ513667,19955565
765,FJ513668,19955565
766,FJ513669,19955565
767,FJ513670,19955565
768,FJ513671,19955565
769,FJ513672,19955565
770,FJ513673,19955565
771,FJ513674,19955565
772,FJ513675,19955565
773,FJ513676,19955565
774,FJ513677,19955565
775,FJ513678,19955565
776,FJ513679,19955565
789,FJ807886,19891886
790,FJ807887,19891886
791,FJ807888,19891886
792,FJ807889,19891886
793,FJ807890,19891886
794,FJ807891,19891886
795,FJ807892,19891886
796,FJ807893,19891886
797,FJ807894,19891886
798,FJ807895,19891886
799,FJ807896,19891886
800,FJ807897,19891886
801,FJ807898,19891886
802,FJ807899,19891886
803,FJ882857,20417142
804,FJ882858,20417142
805,FJ882859,20417142
806,FJ882860,20417142
807,FJ882861,20417142
808,FJ882862,20417142
809,FJ882863,20417142
810,FJ882864,20417142
811,FJ882865,20417142
812,FJ882866,20417142
813,FJ882867,20417142
814,FJ882868,20417142
815,FJ882869,20417142
816,FJ882870,20417142
817,FJ882871,20417142
818,FJ882872,20417142
819,FJ882873,20417142
820,FJ882874,20417142
821,FJ882875,20417142
822,FJ882876,20417142
823,FJ882877,20417142
824,FJ882878,20417142
825,FJ882879,20417142
826,FJ882880,20417142
827,FJ882881,20417142
828,FJ882882,20417142
829,FJ882883,20417142
830,FJ882884,20417142
831,FJ882885,20417142
832,FJ882886,20417142
833,FJ882887,20417142
834,FJ882888,20417142
835,FJ882889,20417142
836,FJ882890,20417142
837,FJ882891,20417142
838,FJ882892,20417142
839,FJ882893,20417142
840,FJ882894,20417142
841,FJ882895,20417142
842,FJ882896,20417142
843,FJ882897,20417142
844,FJ882898,20417142
845,FJ882899,20417142
846,FJ882900,20417142
847,FJ882901,20417142
848,FJ882902,20417142
849,FJ882903,20417142
850,FJ882904,20417142
851,FJ882905,20417142
852,FJ882906,20417142
853,FJ882907,20417142
854,FJ882908,20417142
855,FJ882909,20417142
856,FJ882910,20417142
857,FJ882911,20417142
858,FJ882912,20417142
859,FJ882913,20417142
860,FJ882914,20417142
861,FJ882915,20417142
862,FJ882916,20417142
863,FJ882917,20417142
864,FJ882918,20417142
865,FJ882919,20417142
866,FJ882920,20417142
867,FJ882921,20417142
868,FJ882922,20417142
869,FJ959103,19625474
870,FJ998173,20962735
871,FN295483,19683467
871,FN295483,23209750
872,FN295484,19683467
872,FN295484,23209750
873,FN295485,19683467
873,FN295485,23209750
874,FN295486,19683467
875,FN295487,19683467
875,FN295487,23209750
876,FN295488,19683467
877,FN295489,19683467
878,FN295490,19683467
879,FN295491,19683467
880,FN295492,19683467
881,FN295493,19683467
882,FN295494,19683467
883,FN295495,19683467
893,FR717336,22706183
894,FR717337,22706183
895,FR846304,21529410
896,FR846305,21529410
897,FR846306,21529410
898,FR846307,21529410
1109,GQ387365,20207882
1110,GQ387366,20207882
1111,GQ387367,20207882
1112,GQ387368,20207882
1113,GQ428210,19851853
1114,GQ428211,19851853
1115,GQ428212,19851853
1116,GQ428213,19851853
1117,GQ428214,19851853
1118,GQ428215,19851853
1192,GQ905863,20962712
1193,GQ996370,19857273
1194,GQ996371,19857273
1195,GQ996372,19857273
1196,GQ996373,19857273
1197,GQ996374,19857273
1198,GQ996375,19857273
1199,GQ996376,19857273
1200,GQ996377,19857273
1201,GQ996378,19857273
1202,GQ996379,19857273
1203,GU013528,19955565
1204,GU013529,19955565
1205,GU013530,19955565
1206,GU189061,21224040
1207,GU199350,20078896
1208,GU199351,20078896
1209,GU199352,20078896
1210,GU199353,20078896
1211,GU301779,20962712
1212,GU301780,20962712
1213,GU301781,20962712
1250,GU908223,20507700
1448,HE806461,23167500
1712,HM045784,20410280
1713,HM045785,20410280
1714,HM045786,20410280
1715,HM045787,20410280
1716,HM045788,20410280
1717,HM045789,20410280
1718,HM045790,20410280
1719,HM045791,20410280
1720,HM045792,20410280
1721,HM045793,20410280
1722,HM045794,20410280
1723,HM045795,20410280
1724,HM045796,20410280
1725,HM045797,20410280
1726,HM045798,20410280
1727,HM045799,20410280
1728,HM045800,20410280
1729,HM045801,20410280
1730,HM045802,20410280
1731,HM045803,20410280
1732,HM045804,20410280
1733,HM045805,20410280
1734,HM045806,20410280
1735,HM045807,20410280
1736,HM045808,20410280
1737,HM045809,20410280
1738,HM045810,20410280
1739,HM045811,20410280
1740,HM045812,20410280
1741,HM045813,20410280
1742,HM045814,20410280
1743,HM045815,20410280
1744,HM045816,20410280
1745,HM045817,20410280
1746,HM045818,20410280
1747,HM045819,20410280
1748,HM045820,20410280
1749,HM045821,20410280
1750,HM045822,20410280
1751,HM045823,20410280
1752,HM067743,20881182
1752,HM067743,22855770
1753,HM067744,22855770
1754,HM067745,22855770
1755,HM067746,20881182
1755,HM067746,22855770
1756,HM067747,20881182
1756,HM067747,22855770
1757,HM159384,22246833
1758,HM159385,22246833
1759,HM159386,22246833
1760,HM159387,22246833
1761,HM159388,22246833
1762,HM159389,22246833
1763,HM159390,22246833
1764,HM160530,26675454
1788,HM369441,21087473
1849,HQ287807,21865001
1850,HQ287808,21865001
1865,HQ392517,22377135
1866,HQ392518,22377135
1867,HQ392519,22377135
1868,HQ392520,22377135
1869,HQ456251,18931072
1870,HQ456252,18931072
1871,HQ456253,18931072
1872,HQ456254,18931072
1873,HQ456255,18931072
1879,HQ599560,22925018
1896,HQ659774,22377135
1897,HQ659775,22377135
1899,HQ846356,23725047
1900,HQ846357,23725047
1901,HQ846358,23725047
1902,HQ846359,23725047
2342,JAHWGI010000551,37344773
2343,JAHWGI010001277,37344773
2771,JF272473,22951312
2772,JF272474,22951312
2773,JF272475,22951312
2774,JF272476,22951312
2775,JF272477,23334837
2779,JF272481,23334837
2780,JF274082,22951312
2985,JN661148,24493674
2986,JN661149,24493674
2987,JN661150,24493674
2988,JN661151,24493674
2989,JN661152,24493674
2990,JN661153,24493674
2991,JN661154,24493674
2992,JN661155,24493674
2993,JN661156,24493674
2994,JN711127,22484761
2995,JN711128,22484761
2996,JN711129,22484761
2997,JN711130,22484761
2998,JN711131,22484761
2999,JN711132,22484761
3000,JN711133,22484761
3001,JN711134,22484761
3002,JN711135,22484761
3003,JN711136,22484761
3004,JN711137,22484761
3005,JN711138,22484761
3006,JN712436,22484761
3007,JN712437,22484761
3022,JQ012933,22484761
3023,JQ012934,22484761
3024,JQ012935,22484761
3025,JQ012936,22484761
3026,JQ012937,22484761
3027,JQ012938,22484761
3028,JQ012939,22484761
3029,JQ012940,22484761
3030,JQ012941,22484761
3031,JQ012942,22484761
3032,JQ012943,22484761
3033,JQ012944,22484761
3034,JQ012945,22484761
3035,JQ012946,22484761
3057,JQ013788,22925018
3058,JQ065885,24166737
3059,JQ065886,24166737
3060,JQ065887,24166737
3061,JQ065888,24166737
3062,JQ065889,24166737
3063,JQ065890,24166737
3064,JQ065891,24166737
3065,JQ065892,24166737
3067,JQ231210,22459001
3068,JQ231211,22459001
3069,JQ319798,24453838
3070,JQ319799,24453838
3071,JQ319800,24453838
3072,JQ319801,24453838
3073,JQ319802,24453838
3074,JQ319803,24453838
3089,JQ861253,23171736
3090,JQ861254,23171736
3091,JQ861255,23171736
3092,JQ861256,23171736
3093,JQ861257,23171736
3094,JQ861258,23171736
3095,JQ861259,23171736
3096,JQ861260,23171736
3097,JQ886092,22925018
3098,JQ886093,22925018
3099,JQ886094,22925018
3136,JX080286,22670036
3137,JX080287,22670036
3138,JX080288,22670036
3139,JX080289,22670036
3140,JX080290,22670036
3141,JX080291,22670036
3142,JX088705,22843862
3148,JX276645,25359322
3149,JX276646,25359322
3150,JX276647,25359322
3151,JX276648,25359322
3152,JX276649,25359322
3153,JX276650,25359322
3318,JX442959,25359322
3319,JX442960,25359322
3320,JX442961,25359322
3321,JX442962,25359322
3322,JX442963,25359322
3323,JX442964,25359322
3324,JX442965,25359322
3325,JX442966,25359322
3326,JX442967,25359322
3327,JX442968,25359322
3393,KC149887,23936484
3394,KC149888,23936484
3395,KC149889,23936484
3396,KC285189,23684629
3397,KC285190,23684629
3398,KC285191,23684629
3399,KC285192,23684629
3400,KC285193,23684629
3401,KC285194,23684629
3404,KC524770,23965757
3405,KC524771,23965757
3406,KC524772,23965757
3407,KC614648,26184944
3408,KC731581,24047543
3409,KC731582,24047543
3410,KC731583,24047543
3411,KC731584,24047543
3412,KC731585,24047543
3413,KC731586,24047543
3414,KC810970,24159550
3416,KC862329,23936484
3417,KC879559,24205417
3418,KC879560,24205417
3419,KC879561,24205417
3420,KC879562,24205417
3421,KC879563,24205417
3422,KC879564,24205417
3423,KC879565,24205417
3424,KC879566,24205417
3425,KC879567,24205417
3426,KC879568,24205417
3427,KC879569,24205417
3428,KC879570,24205417
3429,KC879571,24205417
3430,KC879572,24205417
3431,KC879573,24205417
3432,KC879574,24205417
3433,KC879575,24205417
3434,KC879576,24205417
3435,KC879577,24205417
3436,KC879578,24205417
3455,KF283986,26347221
3456,KF283987,26347221
3457,KF289054,25346397
3458,KF289055,25346397
3459,KF289056,25346397
3460,KF289057,25346397
3461,KF289058,25346397
3462,KF289059,25346397
3463,KF289060,25346397
3464,KF289061,25346397
3465,KF289062,25346397
3466,KF289063,25346397
3467,KF289064,25346397
3468,KF289065,25346397
3469,KF289066,25346397
3470,KF289067,25346397
3471,KF289068,25346397
3472,KF289069,25346397
3473,KF289070,25346397
3474,KF305686,25346397
3474,KF305686,26228695
3475,KF305687,25346397
3475,KF305687,26228695
3476,KF305688,25346397
3476,KF305688,26228695
3477,KF305689,25346397
3477,KF305689,26228695
3478,KF305690,25346397
3478,KF305690,26228695
3479,KF305691,25346397
3479,KF305691,26228695
3480,KF305692,25346397
3480,KF305692,26228695
3481,KF305693,25346397
3481,KF305693,26228695
3482,KF305694,25346397
3482,KF305694,26228695
3483,KF305695,25346397
3483,KF305695,26228695
3484,KF305696,25346397
3484,KF305696,26228695
3485,KF305697,25346397
3485,KF305697,26228695
3486,KF305698,25346397
3486,KF305698,26228695
3487,KF305699,25346397
3487,KF305699,26228695
3488,KF305700,25346397
3488,KF305700,26228695
3489,KF305701,25346397
3489,KF305701,26228695
3490,KF305702,25346397
3490,KF305702,26228695
3491,KF305703,25346397
3491,KF305703,26228695
3492,KF305704,25346397
3492,KF305704,26228695
3493,KF305705,25346397
3493,KF305705,26228695
3494,KF318729,24367579
3498,KF578457,24312651
3499,KF578458,24312651
3500,KF578459,24312651
3501,KF578460,24312651
3502,KF578461,24312651
3503,KF578462,24312651
3506,KF590564,25062511
3507,KF590565,25062511
3508,KF590566,25062511
3509,KF590567,25062511
3515,KF818472,25359322
3516,KF818473,25359322
3517,KF818474,25359322
3518,KF818475,25359322
3519,KF840729,26139776
3521,KF925286,25911440
3522,KF925287,25911440
3523,KF925288,25911440
3524,KF925289,25911440
3525,KF925290,25911440
3526,KF925291,25911440
3527,KF925292,25911440
3528,KF925293,25911440
3529,KF925294,25911440
3530,KF925295,25911440
3531,KF925296,25911440
3532,KF925297,25911440
3533,KF925298,25911440
3534,KF925299,25911440
3535,KF925300,25911440
3536,KF925301,25911440
3537,KF925302,25911440
3538,KF925303,25911440
3539,KF925304,25911440
3540,KF925305,25911440
3541,KF925306,25911440
3542,KF925307,25911440
3543,KF925308,25911440
3544,KF925309,25911440
3545,KF925310,25911440
3546,KF925311,25911440
3547,KF925312,25911440
3548,KF925313,25911440
3549,KF925314,25911440
3550,KF925315,25911440
3551,KF985235,26139776
3714,KJ451622,25076384
3715,KJ451623,25076384
3716,KJ451624,25076384
3717,KJ508819,26715303
3718,KJ508820,26715303
3719,KJ508821,26715303
3732,KJ579184,25061989
3733,KJ579185,25061989
3734,KJ579186,25061989
3735,KJ579187,25061989
3736,KJ664804,25062125
3739,KJ689452,25404070
3740,KJ689453,25404070
3769,KJ742803,25061762
3770,KJ742804,25061762
3771,KJ742805,25061762
3772,KJ742806,25061762
3773,KJ742807,25061762
3774,KJ742808,25061762
3775,KJ742809,25061762
3776,KJ742810,25061762
3777,KJ796844,24933611
3778,KJ796845,24933611
3779,KJ796846,24933611
3787,KJ939333,25271852
3790,KJ941050,25081254
3796,KM058063,26139776
3797,KM192348,25060571
3836,KM458995,26247719
3837,KM503141,26247719
3838,KM586248,26247719
3839,KM604710,26247719
3840,KM604711,26247719
3841,KM673291,25814598
3846,KM985619,25811534
3847,KM985981,25811534
3848,KM985982,25811534
3849,KP001166,26247719
3850,KP001167,26247719
3851,KP001168,26247719
3852,KP003807,25541718
3853,KP003808,25541718
3854,KP003809,25541718
3855,KP003810,25541718
3856,KP003811,25541718
3857,KP003812,25541718
3858,KP003813,25541718
3859,KP009589,26247719
3860,KP055786,26247719
3862,KP164567,25976325
3863,KP164568,25976325
3864,KP164569,25976325
3865,KP164570,25976325
3866,KP164571,25976325
3867,KP164572,25976325
3869,KP239982,26247719
3870,KP239983,26247719
3871,KP239984,26247719
3872,KP239985,26247719
3873,KP239986,26247719
3874,KP239987,26247719
3875,KP252141,26751121
3876,KP252142,26751121
3877,KP256365,26247719
3878,KP256366,26247719
3879,KP256367,26247719
3880,KP256368,26247719
3896,KP641128,26384002
3900,KP702297,26347221
3907,KP851709,25953170
3908,KP851710,25953170
3912,KR046227,26580074
3913,KR046228,26580074
3914,KR046229,26580074
3915,KR046230,26580074
3916,KR046231,26580074
3917,KR046232,26580074
3918,KR046233,26580074
3919,KR046234,26580074
3925,KR264949,26196378
3926,KR264950,26196378
3927,KR264951,26196378
3966,KT175539,26679829
3967,KT175540,26679829
3968,KT175541,26679829
3969,KT192707,26643533
3970,KT192708,26643533
3971,KT192709,26643533
3972,KT192710,26643533
3973,KT192711,26643533
3974,KT192712,26643533
3975,KT192713,26643533
3976,KT192714,26643533
3977,KT192715,26643533
3978,KT192716,26643533
3979,KT192717,26643533
3980,KT192718,26643533
3981,KT192719,26643533
3982,KT192720,26643533
3983,KT192721,26643533
3984,KT192722,26643533
3985,KT192723,26643533
3986,KT192724,26643533
3987,KT192725,26643533
3988,KT192726,26643533
3989,KT192727,26643533
3990,KT192728,26643533
3991,KT192729,26643533
3992,KT192730,26643533
3993,KT192731,26643533
3994,KT192732,26643533
3995,KT192733,26643533
3996,KT192734,26643533
3997,KT192735,26643533
3998,KT192736,26643533
3999,KT192737,26643533
4000,KT192738,26643533
4001,KT192739,26643533
4002,KT192740,26643533
4036,KT247378,26488312
4037,KT247379,26488312
4038,KT247380,26488312
4039,KT247381,26488312
4040,KT247382,26488312
4041,KT247383,26488312
4042,KT247384,26488312
4043,KT247385,26488312
4054,KT327163,26488312
4055,KT327164,26488312
4056,KT327165,26488312
4057,KT327166,26488312
4058,KT327167,26488312
4059,KT336777,26611825
4060,KT336778,26611825
4061,KT336779,26611825
4062,KT336780,26611825
4063,KT336781,26611825
4064,KT336782,26611825
4065,KT336783,26611825
4066,KT336784,26611825
4067,KT336785,26611825
4068,KT336786,26611825
4069,KT336787,26611825
4070,KT336788,26611825
4071,KT336789,26611825
4072,KT336790,26611825
4073,KT336791,26611825
4074,KT336792,26611825
4075,KT336793,26611825
4076,KT336794,26611825
4077,KT336795,26611825
4078,KT336796,26611825
4079,KT336797,26611825
4080,KT336798,26611825
4081,KT336799,26611825
4082,KT444685,26416113
4083,KT444686,26416113
4084,KT444687,26416113
4085,KT444688,26416113
4086,KT444689,26416113
4087,KT449801,25474568
4089,KT876070,28982578
4106,KU295117,27347760
4107,KU295118,27347760
4108,KU295119,27347760
4109,KU295120,27347760
4110,KU295121,27347760
4111,KU295122,27347760
4112,KU295123,27347760
4113,KU295124,27347760
4114,KU295125,27347760
4115,KU295126,27347760
4116,KU295127,27347760
4117,KU295128,27347760
4118,KU295129,27347760
4119,KU295130,27347760
4120,KU355832,27120007
4121,KU355833,27120007
4122,KU355834,27120007
4123,KU355835,27120007
4124,KU365282,27251040
4125,KU365283,27251040
4126,KU365284,27251040
4127,KU365285,27251040
4128,KU365286,27251040
4129,KU365287,27251040
4130,KU365288,27251040
4131,KU365289,27251040
4132,KU365290,27251040
4133,KU365291,27251040
4134,KU365292,27251040
4141,KU365372,27654297
4142,KU365373,27654297
4144,KU518330,27430542
4145,KU518331,27430542
4146,KU518332,27430542
4147,KU518333,27430542
4148,KU518334,27430542
4149,KU518335,27430542
4150,KU518336,27430542
4151,KU518337,27430542
4152,KU518338,27430542
4153,KU518339,27430542
4154,KU518340,27430542
4155,KU518341,27430542
4156,KU518342,27430542
4157,KU518343,27430542
4158,KU561427,27767908
4159,KU561428,27767908
4160,KU561429,27767908
4161,KU561430,27767908
4162,KU561431,27767908
4163,KU561432,27767908
4164,KU561433,27767908
4165,KU561434,27767908
4166,KU561435,27767908
4167,KU561436,27767908
4168,KU561437,27767908
4169,KU561438,27767908
4170,KU561439,27767908
4171,KU561440,27767908
4172,KU561441,27767908
4173,KU561442,27767908
4174,KU561443,27767908
4175,KU561444,27767908
4176,KU561445,27767908
4177,KU561446,27767908
4178,KU561447,27767908
4179,KU561448,27767908
4180,KU561449,27767908
4181,KU561450,27767908
4182,KU561451,27767908
4183,KU561452,27767908
4184,KU561453,27767908
4185,KU561454,27767908
4186,KU561455,27767908
4187,KU561456,27767908
4188,KU561457,27767908
4189,KU561458,27767908
4190,KU561459,27767908
4191,KU561460,27767908
4192,KU561461,27767908
4193,KU561462,27767908
4194,KU561463,27767908
4195,KU561464,27767908
4196,KU561465,27767908
4197,KU561466,27767908
4198,KU724228,27144588
4199,KU724229,27144588
4200,KU724230,27144588
4201,KU724231,27144588
4202,KU724232,27144588
4203,KU724233,27144588
4204,KU724234,27144588
4205,KU724235,27144588
4206,KU724236,27144588
4207,KU724237,27144588
4208,KU724238,27144588
4209,KU724239,27144588
4210,KU724240,27144588
4211,KU724241,27144588
4212,KU724242,27144588
4213,KU724243,27144588
4214,KU724244,27144588
4215,KU724245,27144588
4216,KU724246,27144588
4217,KU724247,27144588
4218,KU724248,27144588
4219,KU724249,27144588
4220,KU724250,27144588
4221,KU724251,27144588
4222,KU724252,27144588
4223,KU724253,27144588
4224,KU724254,27144588
4225,KU724255,27144588
4226,KU724256,27144588
4227,KU724257,27144588
4228,KU724258,27144588
4229,KU724259,27144588
4230,KU724260,27144588
4231,KU724261,27144588
4232,KU724262,27144588
4233,KU724263,27144588
4234,KU724264,27144588
4235,KU724265,27144588
4236,KU724266,27144588
4253,KU940225,27555980
4254,KU940226,27555980
4308,KX097981,29016291
4309,KX097982,29016291
4310,KX097983,29016291
4311,KX097984,29016291
4312,KX097985,29016291
4313,KX097986,29016291
4314,KX097987,29016291
4315,KX097988,29016291
4318,KX255061,25601996
4319,KX255062,25601996
4320,KX255063,25601996
4333,KX296735,27767914
4334,KX296736,27767914
4335,KX296737,27767914
4336,KX296738,27767914
4337,KX296739,27767914
4338,KX296740,27767914
4344,KX355507,28222127
4345,KX355508,28222127
4346,KX355509,28222127
4347,KX355510,28222127
4348,KX355511,28222127
4349,KX355512,28222127
4350,KX355513,28222127
4351,KX355514,28222127
4352,KX355515,28222127
4353,KX355516,28222127
4409,KX713902,27654297
4411,KX772760,27654297
4412,KX772761,27654297
4413,KX772762,27654297
4414,KX772763,27654297
4415,KX772764,27654297
4430,KY005879,28982578
4431,KY038946,28254965
4432,KY038947,28254965
4437,KY124328,28930027
4438,KY124329,28930027
4439,KY131437,28719300
4440,KY131438,28719300
4441,KY131439,28719300
4442,KY131440,28719300
4443,KY272961,28030537
4444,KY272962,28030537
4445,KY272963,28030537
4446,KY272964,28030537
4447,KY272965,28030537
4448,KY272966,28030537
4449,KY272967,28030537
4450,KY272968,28030537
4451,KY272969,28030537
4452,KY272970,28030537
4457,KY412881,28560177
4467,KY435454,28480053
4468,KY435455,28480053
4469,KY435456,28480053
4470,KY435457,28480053
4471,KY435458,28480053
4472,KY435459,28480053
4473,KY435460,28480053
4474,KY435461,28480053
4475,KY435462,28480053
4476,KY435463,28480053
4477,KY435464,28480053
4478,KY435465,28480053
4479,KY435466,28480053
4480,KY435467,28480053
4481,KY435468,28480053
4482,KY435469,28480053
4483,KY435470,28480053
4484,KY435471,28480053
4485,KY435472,28480053
4486,KY435473,28480053
4487,KY435474,28480053
4488,KY435475,28480053
4489,KY435476,28480053
4490,KY435477,28480053
4491,KY435478,28480053
4492,KY435479,28480053
4493,KY435480,28480053
4494,KY435481,28480053
4495,KY435482,28480053
4496,KY435483,28480053
4497,KY435484,28480053
4498,KY435485,28480053
4499,KY435486,28480053
4500,KY465607,28982578
4759,KY883764,28927458
4768,LC064714,27088593
4769,LC064715,27088593
4770,LC064716,27088593
4771,LC064717,27088593
4772,LC064718,27088593
4773,LC064719,27088593
4774,LC064720,27088593
4775,LC064721,27088593
4776,LC064722,27088593
4777,LC064723,27088593
4778,LC064724,27088593
4779,LC064725,27088593
4780,LC064726,27088593
4781,LC064727,27088593
4782,LC064728,27088593
4783,LC064729,27088593
4784,LC064730,27088593
4785,LC064731,27088593
4786,LC064732,27088593
4787,LC064733,27088593
4788,LC064734,27088593
4789,LC064735,27088593
4790,LC064736,27088593
4791,LC064737,27088593
4792,LC064738,27088593
4793,LC064739,27088593
4794,LC064740,27088593
4795,LC064741,27088593
4796,LC064742,27088593
4797,LC064743,27088593
4798,LC064744,27088593
4799,LC146714,27533717
4800,LC147056,27524929
4801,LC147057,27524929
4802,LC147058,27524929
4803,LC147059,27524929
4804,LC147060,27524929
4805,LC147061,27524929
4806,LC147062,27524929
4807,LC147063,27524929
4808,LC147064,27524929
4823,LC364266,30666947
4824,LC364267,30666947
4825,LC364268,30666947
4826,LC364269,30666947
4827,LC411941,30557365
4839,LC500215,31786339
4840,LC500216,31786339
4841,LC500217,31786339
4842,LC500218,31786339
4843,LC500219,31786339
4844,LC500220,31786339
4845,LC500221,31786339
4846,LC500222,31786339
4884,LC598202,33494514
4885,LC598203,33494514
4886,LC598204,33494514
4887,LC598205,33494514
4888,LC598206,33494514
4889,LC598207,33494514
4890,LC598208,33494514
4891,LC598209,33494514
4892,LC598210,33494514
4893,LC603810,34339379
4894,LC603811,34339379
4895,LC603812,34339379
4896,LC603813,34339379
4897,LC603814,34339379
4898,LC603815,34339379
4899,LC603816,34339379
4900,LC603817,34339379
4901,LC603818,34339379
4902,LC603819,34339379
4903,LC603820,34339379
4904,LC603821,34339379
4905,LC603822,34339379
4906,LC603823,34339379
4907,LC603824,34339379
4908,LC603825,34339379
4909,LC603826,34339379
4910,LC603827,34339379
4911,LC603828,34339379
4912,LC603829,34339379
4913,LC603830,34339379
4914,LC603831,34339379
4915,LC603832,34339379
4916,LC603833,34339379
4917,LC603834,34339379
4918,LC603835,34339379
4919,LC603836,34339379
4920,LC603837,34339379
4921,LC603838,34339379
4922,LC603839,34339379
4923,LC603840,34339379
4924,LC603841,34339379
4925,LC603842,34339379
4926,LC603843,34339379
4979,LN879500,28302072
4980,LN879501,28302072
4981,LN898093,26807575
4982,LN898094,26807575
4983,LN898095,26807575
4984,LN898096,26807575
4985,LN898097,26807575
4986,LN898098,26807575
4987,LN898099,26807575
4988,LN898100,26807575
4989,LN898101,26807575
4990,LN898102,26807575
4991,LN898103,26807575
4992,LN898104,26807575
4993,LN898105,26807575
4994,LN898106,26807575
4995,LN898107,26807575
4996,LN898108,26807575
4997,LN898109,26807575
4998,LN898110,26807575
4999,LN898111,26807575
5000,LN898112,26807575
5434,MF477846,30192396
5435,MF477847,30192396
5436,MF477848,30192396
5437,MF477849,30192396
5438,MF477850,30192396
5452,MF580917,30192396
5453,MF580918,30192396
5454,MF580919,30192396
5455,MF580920,30192396
5456,MF580921,30192396
5457,MF580922,30192396
5470,MF682980,29348674
5471,MF682981,29348674
5472,MF682982,29348674
5473,MF682983,29348674
5474,MF682984,29348674
5475,MF682985,29348674
5476,MF682986,29348674
5477,MF696157,29348674
5478,MF696158,29348674
5479,MF696159,29348674
5480,MF696160,29348674
5481,MF740874,29285673
5482,MF740875,29285673
5483,MF740876,29285673
5484,MF740877,29285673
5485,MF740878,29285673
5486,MF740879,29285673
5487,MF740880,29285673
5488,MF740881,29285673
5489,MF773559,29535302
5490,MF773560,29535302
5491,MF773561,29535302
5492,MF773562,29535302
5493,MF773563,29535302
5494,MF773564,29535302
5495,MF773565,29535302
5496,MF773566,29535302
5497,MF773567,29535302
5498,MF773568,29535302
5499,MF773569,29535302
5500,MF774598,29986778
5501,MF774599,29986778
5502,MF774600,29986778
5503,MF774601,29986778
5504,MF774602,29986778
5505,MF774603,29986778
5506,MF774604,29986778
5507,MF774605,29986778
5508,MF774606,29986778
5509,MF774607,29986778
5510,MF774608,29986778
5521,MG000875,29746539
5522,MG000876,29746539
5527,MG262507,35475905
5528,MG262508,35475905
5529,MG262509,35475905
5530,MG262510,35475905
5531,MG262511,35475905
5532,MG262512,35475905
5533,MG262513,35475905
5534,MG262514,35475905
5535,MG262515,35475905
5536,MG262516,35475905
5537,MG262517,35475905
5538,MG262518,35475905
5539,MG262519,35475905
5540,MG262520,35475905
5541,MG262521,35475905
5542,MG262522,35475905
5543,MG262523,35475905
5544,MG262524,35475905
5545,MG262525,35475905
5546,MG262526,35475905
5547,MG262527,35475905
5557,MG525024,29747416
5558,MG525025,29747416
5559,MG525026,29747416
5560,MG525027,29747416
5561,MG525028,29747416
5562,MG525029,29747416
5563,MG525030,29747416
5564,MG525031,29747416
5565,MG525032,29747416
5566,MG525033,29747416
5592,MG697262,29707212
5593,MG697263,29707212
5594,MG697264,29707212
5595,MG697265,29707212
5596,MG697266,29707212
5597,MG697267,29707212
5598,MG697268,29707212
5599,MG697269,29707212
5600,MG697270,29707212
5601,MG697271,29707212
5602,MG697272,29707212
5603,MG697273,29707212
5604,MG697274,29707212
5605,MG697275,29707212
5606,MG697276,29707212
5607,MG697277,29707212
5608,MG697278,29707212
5609,MG697279,29707212
5610,MG697280,29707212
5611,MG697281,29707212
5612,MG697282,29707212
5614,MG822707,29761765
5615,MG822708,29761765
5636,MG921596,29761765
5699,MH215572,30182863
5700,MH215573,30182863
5701,MH215574,30182863
5702,MH215575,30182863
5703,MH215576,30182863
5704,MH215577,30182863
5705,MH215578,30182863
5706,MH215579,30182863
5707,MH215580,30182863
5708,MH215581,30182863
5710,MH306200,30552880
5711,MH306201,30552880
5712,MH306202,30552880
5713,MH306203,30552880
5714,MH306204,30552880
5727,MH330395,30552880
5728,MH330396,30552880
5729,MH330397,30552880
5730,MH330398,30552880
5731,MH330399,30552880
5732,MH330400,30552880
5733,MH330401,30552880
5734,MH330402,30552880
5735,MH330403,30552880
5736,MH331012,30552880
5737,MH337267,30552880
5738,MH337268,30552880
5739,MH337269,30552880
5740,MH337270,30552880
5741,MH337271,30552880
5742,MH337272,30552880
5743,MH347340,30073419
5744,MH347341,30073419
5745,MH347342,30073419
5746,MH347343,30073419
5747,MH347344,30073419
5748,MH347345,30073419
5749,MH347346,30073419
5751,MH358395,30073419
5813,MH481881,31387277
5814,MH481882,31387277
5815,MH481883,31387277
5816,MH481884,31387277
5817,MH481885,31387277
5818,MH481886,31387277
5819,MH481887,31387277
5820,MH481888,31387277
5821,MH481889,31387277
5822,MH481890,31387277
5823,MH481891,31387277
5824,MH481892,31387277
5825,MH481893,31387277
5826,MH481894,31387277
5827,MH481895,31387277
5828,MH481896,31387277
5829,MH481897,31387277
5830,MH481898,31387277
5831,MH481899,31387277
5832,MH481900,31387277
5844,MH507158,30539034
6183,MH754507,30697571
6184,MH823663,30729309
6185,MH823664,30729309
6186,MH823665,30729309
6187,MH823666,30729309
6188,MH823667,30729309
6189,MH823668,30729309
6243,MK040569,31834526
6244,MK040570,31834526
6245,MK040571,31834526
6246,MK045423,31834526
6247,MK045424,31834526
6248,MK045425,31834526
6249,MK045426,31834526
6250,MK045427,31834526
6251,MK045428,31834526
6252,MK045429,31834526
6253,MK045430,31834526
6254,MK045431,31834526
6255,MK045432,31834526
6256,MK045433,31834526
6257,MK045434,31834526
6276,MK105475,30424530
6277,MK105476,30424530
6278,MK105477,30424530
6279,MK105478,30424530
6280,MK105479,30424530
6281,MK105480,30424530
6282,MK105481,30424530
6283,MK105482,30424530
6284,MK105483,30424530
6285,MK105484,30424530
6286,MK105485,30424530
6287,MK105486,30424530
6288,MK105487,30424530
6289,MK105488,30424530
6290,MK105489,30424530
6291,MK105490,30424530
6292,MK105491,30424530
6293,MK120194,30697571
6294,MK120195,30697571
6295,MK120196,30697571
6296,MK120197,30697571
6297,MK120198,30697571
6298,MK120199,30697571
6299,MK120200,30697571
6300,MK120201,30697571
6301,MK120202,30697571
6334,MK159123,31914137
6335,MK159124,31914137
6336,MK159125,31914137
6337,MK159126,31914137
6338,MK159127,31914137
6340,MK240310,31387277
6341,MK240311,31387277
6395,MK468608,31848287
6396,MK468609,31848287
6397,MK468610,31848287
6398,MK468611,31848287
6399,MK468612,31848287
6400,MK468613,31848287
6401,MK468614,31848287
6402,MK468615,31848287
6403,MK468616,31848287
6404,MK468617,31848287
6405,MK468618,31848287
6406,MK468619,31848287
6407,MK468620,31848287
6408,MK468621,31848287
6409,MK468622,31848287
6410,MK468623,31848287
6411,MK468624,31848287
6412,MK468625,31848287
6413,MK468626,31848287
6414,MK468627,31848287
6415,MK468628,31848287
6416,MK468629,31848287
6446,MK510154,31618377
6447,MK510155,31618377
6448,MK510156,31618377
6449,MK510157,31618377
6450,MK510158,31618377
6451,MK510159,31618377
6452,MK510160,31618377
6453,MK510161,31618377
6454,MK510162,31618377
6455,MK510163,31618377
6456,MK510164,31618377
6457,MK510165,31618377
6458,MK510166,31618377
6459,MK510167,31618377
6460,MK510168,31618377
6461,MK510169,31618377
6462,MK510170,31618377
6463,MK510171,31618377
6464,MK510172,31618377
6465,MK510173,31618377
6466,MK510174,31618377
6467,MK510175,31618377
6468,MK510176,31618377
6469,MK510177,31618377
6470,MK510178,31618377
6471,MK510179,31618377
6472,MK510180,31618377
6473,MK510181,31618377
6475,MK518395,31817553
6496,MK632324,33523371
6497,MK632325,33523371
6498,MK632326,33523371
6499,MK632327,33523371
6500,MK632328,33523371
6501,MK632329,33523371
6502,MK632330,33523371
6503,MK632331,33523371
6504,MK632332,33523371
6505,MK632333,33523371
6506,MK632334,33523371
6507,MK632335,33523371
6508,MK632336,33523371
6509,MK632337,33523371
6510,MK632338,33523371
6511,MK632339,33523371
6512,MK632340,33523371
6513,MK690206,31096054
6514,MK715489,31096054
6515,MK715490,31096054
6516,MK752950,31880218
6517,MK752951,31880218
6518,MK752952,31880218
6519,MK752953,31880218
6520,MK752954,31880218
6521,MK752955,31880218
6522,MK752956,31880218
6523,MK752957,31880218
6524,MK752958,31880218
6560,MN047314,32265004
6571,MN114279,31382507
6572,MN114280,31382507
6573,MN114281,31382507
6574,MN114282,31382507
6575,MN114283,31382507
6576,MN114284,31382507
6577,MN114285,31382507
6578,MN114286,31382507
6579,MN114287,31382507
6580,MN114288,31382507
6581,MN114289,31382507
6582,MN114290,31382507
6583,MN114291,31382507
6584,MN114292,31382507
6585,MN114293,31382507
6586,MN114294,31382507
6587,MN114295,31382507
6588,MN114296,31382507
6589,MN114297,31382507
6590,MN114298,31382507
6591,MN114299,31382507
6592,MN114300,31382507
6593,MN114301,31382507
6594,MN114302,31382507
6595,MN114303,31382507
6596,MN114304,31382507
6597,MN114305,31382507
6598,MN114306,31382507
6599,MN114307,31382507
6600,MN114308,31382507
6601,MN114309,31382507
6602,MN114310,31382507
6603,MN114311,31382507
6604,MN114312,31382507
6605,MN114313,31382507
6606,MN114314,31382507
6607,MN114315,31382507
6608,MN114316,31382507
6609,MN114317,31382507
6610,MN114318,31382507
6611,MN114319,31382507
6612,MN114320,31382507
6613,MN114321,31382507
6614,MN114322,31382507
6615,MN114323,31382507
6616,MN114324,31382507
6617,MN114325,31382507
6618,MN114326,31382507
6619,MN114327,31382507
6620,MN114328,31382507
6621,MN114329,31382507
6622,MN114330,31382507
6623,MN114331,31382507
6624,MN114332,31382507
6625,MN114333,31382507
6626,MN114334,31382507
6627,MN114335,31382507
6628,MN114336,31382507
6629,MN114337,31382507
6630,MN114338,31382507
6631,MN114339,31382507
6632,MN114340,31382507
6633,MN114341,31382507
6634,MN114342,31382507
6635,MN114343,31382507
6636,MN114344,31382507
6637,MN114345,31382507
6638,MN114346,31382507
6662,MN402883,31891726
6663,MN402884,31891726
6664,MN402885,31891726
6665,MN402886,31891726
6666,MN402887,31891726
6667,MN402888,31891726
6668,MN402889,31891726
6669,MN402890,31891726
6670,MN402891,31891726
6671,MN402892,31891726
6755,MN552427,33079056
6756,MN552428,33079056
6757,MN552429,33079056
6758,MN552430,33079056
6759,MN552431,33079056
6760,MN552432,33079056
6761,MN552433,33079056
6762,MN552434,33079056
6763,MN552435,33079056
6764,MN552436,33079056
6765,MN552437,33079056
6766,MN552438,33079056
6767,MN552439,33079056
6768,MN552440,33079056
6769,MN552441,33079056
7605,MT349960,32604785
7606,MT353980,32605312
7607,MT353981,32605312
7608,MT353982,32605312
7609,MT353983,32605312
7610,MT353984,32605312
7611,MT353985,32605312
7612,MT353986,32605312
7613,MT353987,32605312
7614,MT353988,32605312
7615,MT353989,32605312
7616,MT353990,32605312
7617,MT353991,32605312
7618,MT353992,32605312
7619,MT353993,32605312
7620,MT353994,32605312
7621,MT353995,32605312
7622,MT353996,32605312
7623,MT353997,32605312
7624,MT353998,32605312
7625,MT353999,32605312
7626,MT354000,32605312
7627,MT354001,32605312
7628,MT354002,32605312
7629,MT354003,32605312
7630,MT354004,32605312
7631,MT354005,32605312
7632,MT354006,32605312
7633,MT354007,32605312
7634,MT354008,32605312
7635,MT354009,32605312
7636,MT354010,32605312
7637,MT354011,32605312
7638,MT354012,32605312
7639,MT354013,32605312
7640,MT354014,32605312
7641,MT354015,32605312
7642,MT354016,32605312
7643,MT354017,32605312
7644,MT354018,32605312
7645,MT354019,32605312
7646,MT354020,32605312
7647,MT354021,32605312
7648,MT354022,32605312
7649,MT354023,32605312
7650,MT380146,33156857
7651,MT380147,33156857
7652,MT380148,33156857
7653,MT380149,33156857
7654,MT380150,33156857
7655,MT380151,33156857
7656,MT380152,33156857
7657,MT380153,33156857
7658,MT380154,33156857
7659,MT380155,33156857
7660,MT380156,33156857
7661,MT380157,33156857
7662,MT380158,33156857
7663,MT380159,33156857
7664,MT380160,33156857
7665,MT380161,33156857
7666,MT380162,33156857
7683,MT526900,32759878
7684,MT526901,32759878
7685,MT526902,32759878
7686,MT526903,32759878
7687,MT526904,32759878
7688,MT591083,33347450
7689,MT591084,33347450
7690,MT591085,33347450
7691,MT591086,33347450
7692,MT591087,33347450
7693,MT591088,33347450
7694,MT591089,33347450
7695,MT591090,33347450
7696,MT591091,33347450
7697,MT591092,33347450
7698,MT591093,33347450
7699,MT591094,33347450
7700,MT591095,33347450
7701,MT591096,33347450
7702,MT591097,33347450
7703,MT591098,33347450
7704,MT591099,33347450
7705,MT591100,33347450
7706,MT591101,33347450
7707,MT591102,33347450
7708,MT591103,33347450
7709,MT591104,33347450
7710,MT591105,33347450
7711,MT591106,33347450
7712,MT591107,33347450
7713,MT635335,33083032
7714,MT635336,33083032
7715,MT635337,33083032
7716,MT636907,32787529
7717,MT636908,32787529
7718,MT636909,32787529
7719,MT636910,32787529
7720,MT636911,32787529
7721,MT636912,32787529
7722,MT636913,32787529
7723,MT636914,32787529
7724,MT636915,32787529
7725,MT636916,32787529
7726,MT636917,32787529
7727,MT636918,32787529
7728,MT636919,32787529
7729,MT636920,32787529
7730,MT636921,32787529
7731,MT636922,32787529
7739,MT877206,32766829
7740,MT877207,32766829
7741,MT877208,32766829
7742,MT877209,32766829
7743,MT877210,32766829
7744,MT877211,32766829
7768,MT992066,33673872
7769,MT992067,33673872
7770,MT992068,33673872
8007,MW110472,33704558
8008,MW110473,33704558
8009,MW110474,33704558
8010,MW110475,33704558
8011,MW110476,33704558
8012,MW110477,33704558
8013,MW161364,33930028
8014,MW161365,33930028
8015,MW161366,33930028
8016,MW161367,33930028
8017,MW161368,33930028
8018,MW161369,33930028
8019,MW161370,33930028
8020,MW161371,33930028
8021,MW161372,33930028
8022,MW161373,33930028
8023,MW161374,33930028
8024,MW161375,33930028
8025,MW161376,33930028
8026,MW161377,33930028
8027,MW161378,33930028
8028,MW161379,33930028
8029,MW161380,33930028
8030,MW161381,33930028
8031,MW161382,33930028
8032,MW161383,33930028
8033,MW161384,33930028
8034,MW161385,33930028
8035,MW161386,33930028
8036,MW161387,33930028
8037,MW161388,33930028
8038,MW161389,33930028
8039,MW161390,33930028
8040,MW161391,33930028
8041,MW161392,33930028
8042,MW161393,33930028
8043,MW161394,33930028
8044,MW161395,33930028
8045,MW161396,33930028
8046,MW161397,33930028
8047,MW161398,33930028
8048,MW161399,33930028
8049,MW161400,33930028
8050,MW161401,33930028
8051,MW161402,33930028
8052,MW161403,33930028
8053,MW161404,33930028
8054,MW161405,33930028
8055,MW161406,33930028
8056,MW161407,33930028
8057,MW161408,33930028
8058,MW161409,33930028
8059,MW161410,33930028
8060,MW161411,33930028
8061,MW161412,33930028
8062,MW161413,33930028
8063,MW161414,33930028
8064,MW161415,33930028
8065,MW161416,33930028
8066,MW161417,33930028
8067,MW161418,33930028
8068,MW161419,33930028
8069,MW161420,33930028
8070,MW161421,33930028
8071,MW161422,33930028
8072,MW161423,33930028
8073,MW161424,33930028
8074,MW161425,33930028
8075,MW161426,33930028
8076,MW161427,33930028
8077,MW161428,33930028
8078,MW161429,33930028
8079,MW161430,33930028
8080,MW161431,33930028
8081,MW161432,33930028
8082,MW161433,33930028
8083,MW161434,33930028
8084,MW161435,33930028
8085,MW161436,33930028
8086,MW161437,33930028
8087,MW161438,33930028
8088,MW161439,33930028
8089,MW161440,33930028
8090,MW161441,33930028
8091,MW161442,33930028
8092,MW161443,33930028
8093,MW161444,33930028
8094,MW161445,33930028
8095,MW161446,33930028
8096,MW161447,33930028
8097,MW161448,33930028
8098,MW161449,33930028
8099,MW161450,33930028
8100,MW161451,33930028
8101,MW161452,33930028
8102,MW161453,33930028
8103,MW161454,33930028
8104,MW161455,33930028
8105,MW161456,33930028
8106,MW161457,33930028
8107,MW161458,33930028
8108,MW161459,33930028
8109,MW161460,33930028
8175,MW271620,33507923
8176,MW271621,33507923
8177,MW271622,33507923
8178,MW271623,33507923
8179,MW271624,33507923
8180,MW271625,33507923
8181,MW271626,33507923
8182,MW271627,33507923
8191,MW358918,33480314
8192,MW358919,33480314
8200,MW557660,35175651
8201,MW557661,35175651
8473,MZ494489,35223559
8474,MZ494490,35223559
8475,MZ494491,35223559
8476,MZ494492,35223559
8477,MZ494493,35223559
8478,MZ494494,35223559
8479,MZ494495,35223559
8480,MZ494496,35223559
8481,MZ494497,35223559
8482,MZ671996,34058388
8483,MZ671997,34058388
8484,MZ671998,34058388
8485,MZ671999,34058388
8486,MZ672000,34058388
8607,NC_004162,12466484
8608,NM_001001724,30354240
8608,NM_001001724,28251883
8608,NM_001001724,28252024
8608,NM_001001724,27189481
8608,NM_001001724,24039582
8608,NM_001001724,20483998
8608,NM_001001724,20160088
8608,NM_001001724,16109975
8609,NM_001009493,23580065
8609,NM_001009493,19923450
8609,NM_001009493,19056102
8609,NM_001009493,17024523
8609,NM_001009493,12396720
8609,NM_001009493,9880533
8610,NM_001039617,37802024
8610,NM_001039617,35297315
8610,NM_001039617,30404808
8610,NM_001039617,21160409
8610,NM_001039617,20139978
8610,NM_001039617,20074548
8610,NM_001039617,16647879
8611,NM_001077361,37884534
8611,NM_001077361,36899856
8611,NM_001077361,35132236
8611,NM_001077361,34321999
8611,NM_001077361,33988325
8611,NM_001077361,11046156
8611,NM_001077361,10906474
8611,NM_001077361,10049693
8611,NM_001077361,9819390
8611,NM_001077361,9418910
8612,NM_001077362,37884534
8612,NM_001077362,36899856
8612,NM_001077362,35132236
8612,NM_001077362,34321999
8612,NM_001077362,33988325
8612,NM_001077362,11046156
8612,NM_001077362,10906474
8612,NM_001077362,10049693
8612,NM_001077362,9819390
8612,NM_001077362,9418910
8613,NM_001080584,36946776
8613,NM_001080584,35764162
8613,NM_001080584,36002231
8613,NM_001080584,35727817
8613,NM_001080584,35295584
8613,NM_001080584,24039582
8613,NM_001080584,22345667
8613,NM_001080584,23091644
8613,NM_001080584,20045026
8613,NM_001080584,19474100
8614,NM_001146022,36940342
8614,NM_001146022,35617964
8614,NM_001146022,34482201
8614,NM_001146022,34425575
8614,NM_001146022,32102875
8614,NM_001146022,30257884
8614,NM_001146022,16183747
8614,NM_001146022,15368895
8614,NM_001146022,12466305
8614,NM_001146022,11544199
8615,NM_001257189,36168636
8615,NM_001257189,35723050
8615,NM_001257189,34446021
8615,NM_001257189,33789112
8615,NM_001257189,33109765
8615,NM_001257189,11891046
8615,NM_001257189,11790298
8615,NM_001257189,11593297
8615,NM_001257189,11256614
8615,NM_001257189,10749921
8616,NM_001282582,37762032
8616,NM_001282582,35456497
8616,NM_001282582,32296183
8616,NM_001282582,31080063
8616,NM_001282582,31080061
8616,NM_001282582,23386276
8616,NM_001282582,19056867
8616,NM_001282582,14603461
8617,NM_001282583,37762032
8617,NM_001282583,35456497
8617,NM_001282583,32296183
8617,NM_001282583,31080063
8617,NM_001282583,31080061
8617,NM_001282583,23386276
8617,NM_001282583,19056867
8617,NM_001282583,14603461
8618,NM_001282584,37762032
8618,NM_001282584,35456497
8618,NM_001282584,32296183
8618,NM_001282584,31080063
8618,NM_001282584,31080061
8618,NM_001282584,23386276
8618,NM_001282584,19056867
8618,NM_001282584,14603461
8619,NM_001282585,37762032
8619,NM_001282585,35456497
8619,NM_001282585,32296183
8619,NM_001282585,31080063
8619,NM_001282585,31080061
8619,NM_001282585,23386276
8619,NM_001282585,19056867
8619,NM_001282585,14603461
8620,NM_001285489,34076483
8620,NM_001285489,32024956
8620,NM_001285489,31591574
8620,NM_001285489,28366643
8620,NM_001285489,23550035
8620,NM_001285489,9922400
8620,NM_001285489,10036981
8620,NM_001285489,10024943
8620,NM_001285489,9811942
8620,NM_001285489,9618174
8621,NM_001285490,34076483
8621,NM_001285490,32024956
8621,NM_001285490,31591574
8621,NM_001285490,28366643
8621,NM_001285490,23550035
8621,NM_001285490,9922400
8621,NM_001285490,10036981
8621,NM_001285490,10024943
8621,NM_001285490,9811942
8621,NM_001285490,9618174
8622,NM_001287800,37884534
8622,NM_001287800,36899856
8622,NM_001287800,35132236
8622,NM_001287800,34321999
8622,NM_001287800,33988325
8622,NM_001287800,11046156
8622,NM_001287800,10906474
8622,NM_001287800,10049693
8622,NM_001287800,9819390
8622,NM_001287800,9418910
8623,NM_001301063,35137078
8623,NM_001301063,32878022
8623,NM_001301063,31364126
8623,NM_001301063,28404855
8623,NM_001301063,28211985
8623,NM_001301063,10196134
8623,NM_001301063,9915799
8623,NM_001301063,9744796
8623,NM_001301063,9230113
8623,NM_001301063,7601448
8624,NM_001327873,36946776
8624,NM_001327873,35764162
8624,NM_001327873,36002231
8624,NM_001327873,35727817
8624,NM_001327873,35295584
8624,NM_001327873,24039582
8624,NM_001327873,22345667
8624,NM_001327873,23091644
8624,NM_001327873,20045026
8624,NM_001327873,19474100
8625,NM_001358932,36148951
8625,NM_001358932,34076483
8625,NM_001358932,29490266
8625,NM_001358932,26824453
8625,NM_001358932,24893663
8625,NM_001358932,15345747
8625,NM_001358932,15102471
8625,NM_001358932,12520002
8625,NM_001358932,10512203
8625,NM_001358932,12106288
8626,NM_001412079,37884534
8626,NM_001412079,36899856
8626,NM_001412079,35132236
8626,NM_001412079,34321999
8626,NM_001412079,33988325
8626,NM_001412079,11046156
8626,NM_001412079,10906474
8626,NM_001412079,10049693
8626,NM_001412079,9819390
8626,NM_001412079,9418910
8627,NM_001412080,37884534
8627,NM_001412080,36899856
8627,NM_001412080,35132236
8627,NM_001412080,34321999
8627,NM_001412080,33988325
8627,NM_001412080,11046156
8627,NM_001412080,10906474
8627,NM_001412080,10049693
8627,NM_001412080,9819390
8627,NM_001412080,9418910
8628,NM_001412081,37884534
8628,NM_001412081,36899856
8628,NM_001412081,35132236
8628,NM_001412081,34321999
8628,NM_001412081,33988325
8628,NM_001412081,11046156
8628,NM_001412081,10906474
8628,NM_001412081,10049693
8628,NM_001412081,9819390
8628,NM_001412081,9418910
8629,NM_001412082,37884534
8629,NM_001412082,36899856
8629,NM_001412082,35132236
8629,NM_001412082,34321999
8629,NM_001412082,33988325
8629,NM_001412082,11046156
8629,NM_001412082,10906474
8629,NM_001412082,10049693
8629,NM_001412082,9819390
8629,NM_001412082,9418910
8630,NM_001412083,37884534
8630,NM_001412083,36899856
8630,NM_001412083,35132236
8630,NM_001412083,34321999
8630,NM_001412083,33988325
8630,NM_001412083,11046156
8630,NM_001412083,10906474
8630,NM_001412083,10049693
8630,NM_001412083,9819390
8630,NM_001412083,9418910
8631,NM_001412084,37884534
8631,NM_001412084,36899856
8631,NM_001412084,35132236
8631,NM_001412084,34321999
8631,NM_001412084,33988325
8631,NM_001412084,11046156
8631,NM_001412084,10906474
8631,NM_001412084,10049693
8631,NM_001412084,9819390
8631,NM_001412084,9418910
8632,NM_001412085,37884534
8632,NM_001412085,36899856
8632,NM_001412085,35132236
8632,NM_001412085,34321999
8632,NM_001412085,33988325
8632,NM_001412085,11046156
8632,NM_001412085,10906474
8632,NM_001412085,10049693
8632,NM_001412085,9819390
8632,NM_001412085,9418910
8633,NM_001412086,37884534
8633,NM_001412086,36899856
8633,NM_001412086,35132236
8633,NM_001412086,34321999
8633,NM_001412086,33988325
8633,NM_001412086,11046156
8633,NM_001412086,10906474
8633,NM_001412086,10049693
8633,NM_001412086,9819390
8633,NM_001412086,9418910
8634,NM_001412087,37884534
8634,NM_001412087,36899856
8634,NM_001412087,35132236
8634,NM_001412087,34321999
8634,NM_001412087,33988325
8634,NM_001412087,11046156
8634,NM_001412087,10906474
8634,NM_001412087,10049693
8634,NM_001412087,9819390
8634,NM_001412087,9418910
8635,NM_001412088,37884534
8635,NM_001412088,36899856
8635,NM_001412088,35132236
8635,NM_001412088,34321999
8635,NM_001412088,33988325
8635,NM_001412088,11046156
8635,NM_001412088,10906474
8635,NM_001412088,10049693
8635,NM_001412088,9819390
8635,NM_001412088,9418910
8636,NM_001543,35137078
8636,NM_001543,32878022
8636,NM_001543,31364126
8636,NM_001543,28404855
8636,NM_001543,28211985
8636,NM_001543,10196134
8636,NM_001543,9915799
8636,NM_001543,9744796
8636,NM_001543,9230113
8636,NM_001543,7601448
8637,NM_004052,38142898
8637,NM_004052,38199116
8637,NM_004052,38211650
8637,NM_004052,37876279
8637,NM_004052,38011286
8637,NM_004052,9867803
8637,NM_004052,9575197
8637,NM_004052,9396766
8637,NM_004052,7478990
8637,NM_004052,7954800
8638,NM_004800,38218914
8638,NM_004800,31541081
8638,NM_004800,30996093
8638,NM_004800,30660999
8638,NM_004800,30481169
8638,NM_004800,28404855
8638,NM_004800,23251661
8638,NM_004800,19199708
8638,NM_004800,15057823
8638,NM_004800,9729438
8639,NM_008672,34076483
8639,NM_008672,32024956
8639,NM_008672,31591574
8639,NM_008672,28366643
8639,NM_008672,23550035
8639,NM_008672,9922400
8639,NM_008672,10036981
8639,NM_008672,10024943
8639,NM_008672,9811942
8639,NM_008672,9618174
8640,NM_010211,37884534
8640,NM_010211,36899856
8640,NM_010211,35132236
8640,NM_010211,34321999
8640,NM_010211,33988325
8640,NM_010211,11046156
8640,NM_010211,10906474
8640,NM_010211,10049693
8640,NM_010211,9819390
8640,NM_010211,9418910
8641,NM_015781,36148951
8641,NM_015781,34076483
8641,NM_015781,29490266
8641,NM_015781,26824453
8641,NM_015781,24893663
8641,NM_015781,15345747
8641,NM_015781,15102471
8641,NM_015781,12520002
8641,NM_015781,10512203
8641,NM_015781,12106288
8642,NM_019082,36168636
8642,NM_019082,35723050
8642,NM_019082,34446021
8642,NM_019082,33789112
8642,NM_019082,33109765
8642,NM_019082,11891046
8642,NM_019082,11790298
8642,NM_019082,11593297
8642,NM_019082,11256614
8642,NM_019082,10749921
8643,NM_019335,32634389
8643,NM_019335,32304741
8643,NM_019335,32251680
8643,NM_019335,32209028
8643,NM_019335,30259999
8643,NM_019335,11861827
8643,NM_019335,11468270
8643,NM_019335,10684936
8643,NM_019335,7948027
8643,NM_019335,7519779
8644,NM_032348,37762032
8644,NM_032348,35456497
8644,NM_032348,32296183
8644,NM_032348,31080063
8644,NM_032348,31080061
8644,NM_032348,23386276
8644,NM_032348,19056867
8644,NM_032348,14603461
8645,NM_133655,37339209
8645,NM_133655,35764142
8645,NM_133655,35612284
8645,NM_133655,33582383
8645,NM_133655,32974937
8645,NM_133655,20579434
8645,NM_133655,7590978
8645,NM_133655,1380797
8645,NM_133655,1650385
8645,NM_133655,1971786
8646,NM_138881,23160199
8646,NM_138881,21957124
8646,NM_138881,21880757
8646,NM_138881,21527675
8646,NM_138881,21435586
8646,NM_138881,16982913
8646,NM_138881,16108059
8646,NM_138881,11752458
8646,NM_138881,10698968
8646,NM_138881,9391139
8647,NM_198791,36334783
8647,NM_198791,34015428
8647,NM_198791,32634389
8647,NM_198791,30870678
8647,NM_198791,30321082
8647,NM_198791,14993594
8647,NM_198791,14987294
8647,NM_198791,12855817
8647,NM_198791,12054664
8647,NM_198791,11607032
8648,NR_135617,37802024
8648,NR_135617,35297315
8648,NR_135617,30404808
8648,NR_135617,21160409
8648,NR_135617,20139978
8648,NR_135617,20074548
8648,NR_135617,16647879
8649,NR_135618,37802024
8649,NR_135618,35297315
8649,NR_135618,30404808
8649,NR_135618,21160409
8649,NR_135618,20139978
8649,NR_135618,20074548
8649,NR_135618,16647879
8650,NR_152558,36148951
8650,NR_152558,34076483
8650,NR_152558,29490266
8650,NR_152558,26824453
8650,NR_152558,24893663
8650,NR_152558,15345747
8650,NR_152558,15102471
8650,NR_152558,12520002
8650,NR_152558,10512203
8650,NR_152558,12106288
8673,OK299098,34754512
8674,OK299099,34754512
8785,OM128431,35215188
8786,OM128432,35215188
8787,OM128433,35215188
8788,OM128434,35215188
8789,OM128435,35215188
8790,OM128436,35215188
8791,OM128437,35215188
8792,OM128438,35215188
8793,OM128439,35215188
8794,OM128440,35215188
8872,ON009842,35347588
8873,ON009843,35347588
8914,ON142068,36608155
8915,ON142069,36608155
8916,ON142070,36608155
8917,ON142071,36608155
8918,ON142072,36608155
8919,ON142073,36608155
8920,ON142074,36608155
8921,ON142075,36608155
8922,ON142076,36608155
8923,ON142077,36608155
8924,ON142078,36608155
8925,ON142079,36608155
8926,ON142080,36608155
8927,ON142081,36608155
8928,ON142082,36608155
8929,ON142083,36608155
8930,ON142084,36608155
8931,ON142085,36608155
8932,ON142086,36608155
8933,ON142087,36608155
8934,ON142088,36608155
8935,ON142089,36608155
8936,ON204004,36146740
8937,ON207126,35736970
8938,ON207127,35736970
8939,ON207128,35736970
8960,ON586954,36298867
8961,ON586955,36298867
8962,ON586956,36298867
8963,ON586957,36298867
8964,ON586958,36298867
8965,ON586959,36298867
8966,ON586960,36298867
8967,ON586961,36298867
8968,ON586962,36298867
8969,ON586963,36298867
8970,ON586964,36298867
8971,ON586965,36298867
8972,ON586966,36298867
8973,ON586967,36298867
8974,ON586968,36298867
8982,ON807227,37184895
8983,ON807228,37184895
8984,ON807229,37184895
8985,ON807230,37184895
8986,ON807231,37184895
8987,ON838556,37184895
8988,ON838557,37184895
8989,ON887079,37184895
8990,ON887080,37184895
8991,ON887081,37184895
9245,OP485444,36298867
9246,OP485445,36298867
9247,OP485446,36298867
9248,OP485447,36298867
9249,OP485448,36298867
9250,OP485449,36298867
9251,OP485450,36298867
9252,OP485451,36298867
9253,OP485452,36298867
9254,OP485453,36298867
9255,OP485454,36298867
9256,OP485455,36298867
9260,OP964932,37031687
9261,OP964933,37031687
9262,OP964934,37031687
9263,OP964935,37031687
9264,OP964936,37031687
9265,OP964937,37031687
9266,OP964938,37031687
9267,OP964939,37031687
9268,OP964940,37031687
9269,OP964941,37031687
9270,OP964942,37031687
9271,OP964943,37031687
9272,OP964944,37031687
9273,OP964945,37031687
9274,OP964946,37031687
9275,OP964947,37031687
9276,OP964948,37031687
9277,OP964949,37031687
9278,OP964950,37031687
9279,OP964951,37031687
9280,OP964952,37031687
9281,OP964953,37031687
9282,OP964954,37031687
9283,OP964955,37031687
9284,OP964956,37031687
9285,OP964957,37031687
9286,OP964958,37031687
9287,OP964959,37031687
9288,OP964960,37031687
9289,OP964961,37031687
9290,OP964962,37031687
9291,OP964963,37031687
9292,OP964964,37031687
9293,OP964965,37031687
9294,OP964966,37031687
9295,OP964967,37031687
9296,OP964968,37031687
9297,OP964969,37031687
9298,OP964970,37031687
9299,OP964971,37031687
9300,OP964972,37031687
9301,OP964973,37031687
9302,OP964974,37031687
9303,OP964975,37031687
9304,OP964976,37031687
9305,OP964977,37031687
9306,OP964978,37031687
9307,OP964979,37031687
9308,OP964980,37031687
9309,OP964981,37031687
9310,OP964982,37031687
9311,OP964983,37031687
9312,OP964984,37031687
9313,OP964985,37031687
9314,OP964986,37031687
9315,OP964987,37031687
9316,OP964988,37031687
9317,OP964989,37031687
9318,OP964990,37031687
9319,OP964991,37031687
9320,OP964992,37031687
9365,OQ230626,37029884
9366,OQ230627,37029884
9367,OQ230628,37029884
9368,OQ230629,37029884
9369,OQ230630,37029884
9370,OQ230631,37029884
9378,OQ567722,37488810
9379,OQ567723,37488810
9380,OQ567724,37488810
9381,OQ567725,37488810
10222,OR492236,37896842
10223,OR492237,37896842
10224,OR492238,37896842
10225,OR492239,37896842
10226,OR492240,37896842
10227,OR492241,37896842
10228,OR492242,37896842
10446,CVU94597,9430533
